po_number,product_id,product_name,supplier_id,supplier_name,region,period,due_date,order_qty,received_qty,unit_cost,total_cost,status,lead_time_days
PO-00001,PROD-001,Product A,SUP-001,Apex Manufacturing,North America,2024-05,2024-05-15,2736,0,18.08,49466.88,Partial,36
PO-00002,PROD-001,Product A,SUP-001,Apex Manufacturing,North America,2025-06,2025-06-12,1852,0,26.94,49892.88,In Transit,33
PO-00003,PROD-001,Product A,SUP-001,Apex Manufacturing,North America,2023-09,2023-10-08,5073,0,38.66,196122.18,In Transit,6
PO-00004,PROD-001,Product A,SUP-001,Apex Manufacturing,North America,2023-07,2023-07-19,5319,0,9.97,53030.43,Partial,15
PO-00005,PROD-001,Product A,SUP-001,Apex Manufacturing,North America,2023-05,2023-06-19,683,0,32.1,21924.3,In Transit,33
PO-00006,PROD-001,Product A,SUP-001,Apex Manufacturing,North America,2024-11,2024-11-19,4049,0,33.58,135965.42,Cancelled,18
PO-00007,PROD-001,Product A,SUP-001,Apex Manufacturing,North America,2025-05,2025-06-21,1282,0,38.46,49305.72,Cancelled,11
PO-00008,PROD-001,Product A,SUP-001,Apex Manufacturing,North America,2025-01,2025-02-21,5551,0,22.76,126340.76,Cancelled,5
PO-00009,PROD-001,Product A,SUP-002,Euro Components GmbH,Europe,2023-04,2023-05-27,6683,0,35.68,238449.44,In Transit,28
PO-00010,PROD-001,Product A,SUP-002,Euro Components GmbH,Europe,2024-04,2024-04-20,1997,0,5.64,11263.08,Open,5
PO-00011,PROD-001,Product A,SUP-002,Euro Components GmbH,Europe,2024-10,2024-11-29,3648,0,32.2,117465.6,Open,19
PO-00012,PROD-001,Product A,SUP-002,Euro Components GmbH,Europe,2023-07,2023-08-28,3250,0,33.96,110370.0,Open,31
PO-00013,PROD-001,Product A,SUP-002,Euro Components GmbH,Europe,2025-09,2025-09-14,5859,0,17.91,104934.69,In Transit,44
PO-00014,PROD-001,Product A,SUP-002,Euro Components GmbH,Europe,2024-02,2024-03-13,6972,0,42.56,296728.32,Open,19
PO-00015,PROD-001,Product A,SUP-002,Euro Components GmbH,Europe,2024-02,2024-02-14,6342,0,17.93,113712.06,Open,30
PO-00016,PROD-001,Product A,SUP-002,Euro Components GmbH,Europe,2024-09,2024-09-08,6876,0,13.51,92894.76,In Transit,9
PO-00017,PROD-001,Product A,SUP-003,Pacific Parts Co.,Asia Pacific,2024-06,2024-07-19,6545,0,6.76,44244.2,In Transit,31
PO-00018,PROD-001,Product A,SUP-003,Pacific Parts Co.,Asia Pacific,2024-08,2024-09-26,8685,0,44.32,384919.2,Open,39
PO-00019,PROD-001,Product A,SUP-003,Pacific Parts Co.,Asia Pacific,2023-11,2023-11-24,2052,0,28.99,59487.48,Partial,13
PO-00020,PROD-001,Product A,SUP-003,Pacific Parts Co.,Asia Pacific,2024-10,2024-10-19,5709,0,44.12,251881.08,Partial,9
PO-00021,PROD-001,Product A,SUP-003,Pacific Parts Co.,Asia Pacific,2024-10,2024-10-09,7854,0,20.29,159357.66,In Transit,37
PO-00022,PROD-001,Product A,SUP-003,Pacific Parts Co.,Asia Pacific,2023-01,2023-01-22,847,0,29.65,25113.55,Open,24
PO-00023,PROD-001,Product A,SUP-003,Pacific Parts Co.,Asia Pacific,2024-04,2024-05-25,7520,0,35.29,265380.8,Cancelled,10
PO-00024,PROD-001,Product A,SUP-003,Pacific Parts Co.,Asia Pacific,2023-04,2023-04-16,6636,0,24.95,165568.2,In Transit,14
PO-00025,PROD-001,Product A,SUP-004,Sahara Supplies,Middle East & Africa,2025-01,2025-01-21,1121,0,14.52,16276.92,Cancelled,33
PO-00026,PROD-001,Product A,SUP-004,Sahara Supplies,Middle East & Africa,2024-10,2024-10-16,5056,0,17.7,89491.2,Open,38
PO-00027,PROD-001,Product A,SUP-004,Sahara Supplies,Middle East & Africa,2025-03,2025-04-18,5226,0,35.02,183014.52,In Transit,26
PO-00028,PROD-001,Product A,SUP-004,Sahara Supplies,Middle East & Africa,2024-10,2024-10-23,3872,0,26.57,102879.04,In Transit,19
PO-00029,PROD-001,Product A,SUP-004,Sahara Supplies,Middle East & Africa,2025-01,2025-02-10,5769,0,12.34,71189.46,Open,9
PO-00030,PROD-001,Product A,SUP-004,Sahara Supplies,Middle East & Africa,2025-08,2025-08-12,3653,0,7.08,25863.24,In Transit,18
PO-00031,PROD-001,Product A,SUP-004,Sahara Supplies,Middle East & Africa,2023-09,2023-09-13,3345,0,28.71,96034.95,In Transit,20
PO-00032,PROD-001,Product A,SUP-004,Sahara Supplies,Middle East & Africa,2025-09,2025-09-13,7483,0,34.0,254422.0,Received,15
PO-00033,PROD-001,Product A,SUP-005,AmeriGoods SA,Latin America,2024-01,2024-01-23,7447,0,12.06,89810.82,In Transit,24
PO-00034,PROD-001,Product A,SUP-005,AmeriGoods SA,Latin America,2024-07,2024-08-13,7844,0,43.71,342861.24,In Transit,22
PO-00035,PROD-001,Product A,SUP-005,AmeriGoods SA,Latin America,2025-07,2025-07-13,6391,0,20.93,133763.63,In Transit,35
PO-00036,PROD-001,Product A,SUP-005,AmeriGoods SA,Latin America,2025-05,2025-06-04,8778,0,29.38,257897.64,Partial,14
PO-00037,PROD-001,Product A,SUP-005,AmeriGoods SA,Latin America,2025-07,2025-07-09,6749,0,22.1,149152.9,Open,24
PO-00038,PROD-001,Product A,SUP-005,AmeriGoods SA,Latin America,2025-11,2025-11-17,9557,0,34.07,325606.99,Received,29
PO-00039,PROD-001,Product A,SUP-005,AmeriGoods SA,Latin America,2025-06,2025-06-27,7931,0,16.33,129513.23,Cancelled,43
PO-00040,PROD-001,Product A,SUP-005,AmeriGoods SA,Latin America,2025-07,2025-07-12,5959,0,10.47,62390.73,Partial,17
PO-00041,PROD-001,Product A,SUP-006,Nordic Industrial,Europe,2023-10,2023-10-20,568,0,5.51,3129.68,Cancelled,28
PO-00042,PROD-001,Product A,SUP-006,Nordic Industrial,Europe,2025-08,2025-09-02,7312,0,42.61,311564.32,Received,29
PO-00043,PROD-001,Product A,SUP-006,Nordic Industrial,Europe,2025-08,2025-08-27,1667,0,21.35,35590.45,Open,12
PO-00044,PROD-001,Product A,SUP-006,Nordic Industrial,Europe,2025-01,2025-02-13,3160,0,12.77,40353.2,Partial,21
PO-00045,PROD-001,Product A,SUP-006,Nordic Industrial,Europe,2024-11,2024-12-10,8505,0,30.4,258552.0,Received,8
PO-00046,PROD-001,Product A,SUP-006,Nordic Industrial,Europe,2025-01,2025-02-04,4543,0,14.69,66736.67,Open,28
PO-00047,PROD-001,Product A,SUP-006,Nordic Industrial,Europe,2023-02,2023-03-24,2922,0,15.45,45144.9,Partial,14
PO-00048,PROD-001,Product A,SUP-006,Nordic Industrial,Europe,2024-05,2024-05-23,9975,0,43.07,429623.25,In Transit,5
PO-00049,PROD-002,Product B,SUP-001,Apex Manufacturing,North America,2023-08,2023-09-26,2012,0,30.78,61929.36,Partial,30
PO-00050,PROD-002,Product B,SUP-001,Apex Manufacturing,North America,2023-06,2023-07-11,3593,0,40.04,143863.72,In Transit,32
PO-00051,PROD-002,Product B,SUP-001,Apex Manufacturing,North America,2024-05,2024-06-21,5451,0,25.03,136438.53,Cancelled,29
PO-00052,PROD-002,Product B,SUP-001,Apex Manufacturing,North America,2024-08,2024-09-23,7243,0,35.1,254229.3,Open,11
PO-00053,PROD-002,Product B,SUP-001,Apex Manufacturing,North America,2024-11,2024-12-30,2838,0,15.76,44726.88,In Transit,30
PO-00054,PROD-002,Product B,SUP-001,Apex Manufacturing,North America,2024-08,2024-08-08,3259,0,37.66,122733.94,Open,11
PO-00055,PROD-002,Product B,SUP-001,Apex Manufacturing,North America,2023-05,2023-06-26,7345,0,26.0,190970.0,Received,32
PO-00056,PROD-002,Product B,SUP-001,Apex Manufacturing,North America,2023-11,2023-11-19,6638,0,12.46,82709.48,In Transit,17
PO-00057,PROD-002,Product B,SUP-002,Euro Components GmbH,Europe,2025-08,2025-08-19,8734,0,42.94,375037.96,Partial,41
PO-00058,PROD-002,Product B,SUP-002,Euro Components GmbH,Europe,2024-02,2024-02-19,3792,0,7.36,27909.12,In Transit,17
PO-00059,PROD-002,Product B,SUP-002,Euro Components GmbH,Europe,2024-05,2024-06-03,7720,0,30.07,232140.4,Cancelled,11
PO-00060,PROD-002,Product B,SUP-002,Euro Components GmbH,Europe,2023-11,2023-11-13,5302,0,8.43,44695.86,Open,22
PO-00061,PROD-002,Product B,SUP-002,Euro Components GmbH,Europe,2023-05,2023-05-29,986,0,28.43,28031.98,Partial,36
PO-00062,PROD-002,Product B,SUP-002,Euro Components GmbH,Europe,2023-07,2023-07-08,1500,0,15.64,23460.0,Open,42
PO-00063,PROD-002,Product B,SUP-002,Euro Components GmbH,Europe,2023-03,2023-03-14,3958,0,25.89,102472.62,Open,29
PO-00064,PROD-002,Product B,SUP-002,Euro Components GmbH,Europe,2025-10,2025-11-25,4855,0,42.29,205317.95,Partial,26
PO-00065,PROD-002,Product B,SUP-003,Pacific Parts Co.,Asia Pacific,2025-04,2025-04-29,6574,0,32.27,212142.98,Received,25
PO-00066,PROD-002,Product B,SUP-003,Pacific Parts Co.,Asia Pacific,2024-04,2024-05-01,7028,0,20.14,141543.92,Open,27
PO-00067,PROD-002,Product B,SUP-003,Pacific Parts Co.,Asia Pacific,2024-10,2024-11-28,2141,0,5.12,10961.92,Partial,13
PO-00068,PROD-002,Product B,SUP-003,Pacific Parts Co.,Asia Pacific,2023-02,2023-03-18,2513,0,39.76,99916.88,Received,20
PO-00069,PROD-002,Product B,SUP-003,Pacific Parts Co.,Asia Pacific,2024-12,2025-01-05,8285,0,25.6,212096.0,In Transit,5
PO-00070,PROD-002,Product B,SUP-003,Pacific Parts Co.,Asia Pacific,2024-09,2024-09-09,6401,0,39.94,255655.94,Received,33
PO-00071,PROD-002,Product B,SUP-003,Pacific Parts Co.,Asia Pacific,2024-03,2024-04-15,8438,0,21.01,177282.38,Cancelled,10
PO-00072,PROD-002,Product B,SUP-003,Pacific Parts Co.,Asia Pacific,2024-11,2024-12-05,8300,0,44.47,369101.0,Open,29
PO-00073,PROD-002,Product B,SUP-004,Sahara Supplies,Middle East & Africa,2024-07,2024-08-15,3696,0,33.48,123742.08,Cancelled,41
PO-00074,PROD-002,Product B,SUP-004,Sahara Supplies,Middle East & Africa,2025-09,2025-09-10,2594,0,24.92,64642.48,Open,24
PO-00075,PROD-002,Product B,SUP-004,Sahara Supplies,Middle East & Africa,2025-12,2026-01-06,3253,0,40.86,132917.58,Open,35
PO-00076,PROD-002,Product B,SUP-004,Sahara Supplies,Middle East & Africa,2025-11,2025-11-23,4487,0,13.47,60439.89,Open,11
PO-00077,PROD-002,Product B,SUP-004,Sahara Supplies,Middle East & Africa,2025-04,2025-05-23,978,0,11.41,11158.98,Received,29
PO-00078,PROD-002,Product B,SUP-004,Sahara Supplies,Middle East & Africa,2024-06,2024-06-22,4720,0,31.64,149340.8,Open,13
PO-00079,PROD-002,Product B,SUP-004,Sahara Supplies,Middle East & Africa,2025-11,2025-12-18,8560,0,8.62,73787.2,Received,19
PO-00080,PROD-002,Product B,SUP-004,Sahara Supplies,Middle East & Africa,2023-05,2023-06-18,6123,0,20.08,122949.84,Partial,40
PO-00081,PROD-002,Product B,SUP-005,AmeriGoods SA,Latin America,2025-04,2025-05-29,4323,0,13.94,60262.62,Open,23
PO-00082,PROD-002,Product B,SUP-005,AmeriGoods SA,Latin America,2023-06,2023-06-15,1960,0,18.61,36475.6,Cancelled,17
PO-00083,PROD-002,Product B,SUP-005,AmeriGoods SA,Latin America,2023-08,2023-09-13,6525,0,10.1,65902.5,Received,29
PO-00084,PROD-002,Product B,SUP-005,AmeriGoods SA,Latin America,2023-01,2023-01-27,1513,0,28.6,43271.8,In Transit,29
PO-00085,PROD-002,Product B,SUP-005,AmeriGoods SA,Latin America,2025-04,2025-04-28,6480,0,36.9,239112.0,In Transit,38
PO-00086,PROD-002,Product B,SUP-005,AmeriGoods SA,Latin America,2024-03,2024-03-14,6976,0,5.37,37461.12,Partial,25
PO-00087,PROD-002,Product B,SUP-005,AmeriGoods SA,Latin America,2023-10,2023-11-29,5363,0,38.49,206421.87,Partial,34
PO-00088,PROD-002,Product B,SUP-005,AmeriGoods SA,Latin America,2023-10,2023-11-15,5143,0,10.83,55698.69,Open,43
PO-00089,PROD-002,Product B,SUP-006,Nordic Industrial,Europe,2024-09,2024-09-27,8730,0,44.61,389445.3,Open,22
PO-00090,PROD-002,Product B,SUP-006,Nordic Industrial,Europe,2025-07,2025-08-17,4034,0,24.8,100043.2,Partial,8
PO-00091,PROD-002,Product B,SUP-006,Nordic Industrial,Europe,2024-10,2024-10-17,3950,0,38.92,153734.0,In Transit,8
PO-00092,PROD-002,Product B,SUP-006,Nordic Industrial,Europe,2023-12,2024-01-08,6919,0,16.96,117346.24,In Transit,6
PO-00093,PROD-002,Product B,SUP-006,Nordic Industrial,Europe,2025-12,2026-01-02,6028,0,21.9,132013.2,Partial,27
PO-00094,PROD-002,Product B,SUP-006,Nordic Industrial,Europe,2025-02,2025-03-05,1676,0,26.11,43760.36,Received,23
PO-00095,PROD-002,Product B,SUP-006,Nordic Industrial,Europe,2024-01,2024-02-21,9478,0,20.75,196668.5,In Transit,25
PO-00096,PROD-002,Product B,SUP-006,Nordic Industrial,Europe,2023-04,2023-05-23,5481,0,23.3,127707.3,In Transit,41
PO-00097,PROD-003,Product C,SUP-001,Apex Manufacturing,North America,2023-09,2023-10-06,8404,0,16.64,139842.56,In Transit,18
PO-00098,PROD-003,Product C,SUP-001,Apex Manufacturing,North America,2024-02,2024-03-30,3705,0,34.41,127489.05,Open,28
PO-00099,PROD-003,Product C,SUP-001,Apex Manufacturing,North America,2023-07,2023-08-20,2918,0,20.06,58535.08,Partial,15
PO-00100,PROD-003,Product C,SUP-001,Apex Manufacturing,North America,2023-04,2023-04-14,6325,0,43.97,278110.25,In Transit,8
PO-00101,PROD-003,Product C,SUP-001,Apex Manufacturing,North America,2023-08,2023-09-09,6045,0,28.74,173733.3,In Transit,45
PO-00102,PROD-003,Product C,SUP-001,Apex Manufacturing,North America,2025-02,2025-02-23,1056,0,9.75,10296.0,Partial,36
PO-00103,PROD-003,Product C,SUP-001,Apex Manufacturing,North America,2024-08,2024-09-21,3326,0,31.11,103471.86,Partial,10
PO-00104,PROD-003,Product C,SUP-001,Apex Manufacturing,North America,2025-06,2025-07-30,6760,0,16.01,108227.6,Partial,28
PO-00105,PROD-003,Product C,SUP-002,Euro Components GmbH,Europe,2023-01,2023-01-15,2410,0,8.31,20027.1,Partial,37
PO-00106,PROD-003,Product C,SUP-002,Euro Components GmbH,Europe,2024-03,2024-03-09,9887,0,44.49,439872.63,Partial,22
PO-00107,PROD-003,Product C,SUP-002,Euro Components GmbH,Europe,2023-07,2023-08-27,3467,0,20.36,70588.12,Partial,24
PO-00108,PROD-003,Product C,SUP-002,Euro Components GmbH,Europe,2023-09,2023-09-14,5828,0,7.54,43943.12,Cancelled,16
PO-00109,PROD-003,Product C,SUP-002,Euro Components GmbH,Europe,2025-02,2025-04-01,823,0,20.75,17077.25,Cancelled,38
PO-00110,PROD-003,Product C,SUP-002,Euro Components GmbH,Europe,2025-08,2025-08-12,9001,0,38.49,346448.49,Cancelled,12
PO-00111,PROD-003,Product C,SUP-002,Euro Components GmbH,Europe,2024-02,2024-03-21,2422,0,12.23,29621.06,Cancelled,16
PO-00112,PROD-003,Product C,SUP-002,Euro Components GmbH,Europe,2023-01,2023-02-12,7827,0,37.02,289755.54,Open,7
PO-00113,PROD-003,Product C,SUP-003,Pacific Parts Co.,Asia Pacific,2023-09,2023-10-14,3878,0,31.11,120644.58,Open,40
PO-00114,PROD-003,Product C,SUP-003,Pacific Parts Co.,Asia Pacific,2024-05,2024-06-25,1073,0,8.38,8991.74,Open,37
PO-00115,PROD-003,Product C,SUP-003,Pacific Parts Co.,Asia Pacific,2024-08,2024-08-31,9419,0,11.86,111709.34,Open,20
PO-00116,PROD-003,Product C,SUP-003,Pacific Parts Co.,Asia Pacific,2024-08,2024-08-10,9010,0,41.18,371031.8,Received,39
PO-00117,PROD-003,Product C,SUP-003,Pacific Parts Co.,Asia Pacific,2025-05,2025-05-16,9954,0,24.62,245067.48,Received,38
PO-00118,PROD-003,Product C,SUP-003,Pacific Parts Co.,Asia Pacific,2024-11,2024-12-16,9318,0,25.42,236863.56,Open,7
PO-00119,PROD-003,Product C,SUP-003,Pacific Parts Co.,Asia Pacific,2024-04,2024-04-10,3581,0,10.67,38209.27,In Transit,13
PO-00120,PROD-003,Product C,SUP-003,Pacific Parts Co.,Asia Pacific,2025-12,2025-12-21,6382,0,16.1,102750.2,Cancelled,32
PO-00121,PROD-003,Product C,SUP-004,Sahara Supplies,Middle East & Africa,2023-05,2023-06-12,4677,0,15.43,72166.11,In Transit,30
PO-00122,PROD-003,Product C,SUP-004,Sahara Supplies,Middle East & Africa,2025-06,2025-06-13,4664,0,32.06,149527.84,In Transit,39
PO-00123,PROD-003,Product C,SUP-004,Sahara Supplies,Middle East & Africa,2024-02,2024-02-12,4913,0,44.81,220151.53,In Transit,28
PO-00124,PROD-003,Product C,SUP-004,Sahara Supplies,Middle East & Africa,2025-09,2025-10-16,3187,0,21.79,69444.73,In Transit,25
PO-00125,PROD-003,Product C,SUP-004,Sahara Supplies,Middle East & Africa,2025-04,2025-05-02,924,0,43.56,40249.44,In Transit,9
PO-00126,PROD-003,Product C,SUP-004,Sahara Supplies,Middle East & Africa,2024-06,2024-06-15,9207,0,9.4,86545.8,Cancelled,31
PO-00127,PROD-003,Product C,SUP-004,Sahara Supplies,Middle East & Africa,2023-05,2023-05-29,1957,0,19.51,38181.07,Received,22
PO-00128,PROD-003,Product C,SUP-004,Sahara Supplies,Middle East & Africa,2023-10,2023-11-28,4198,0,15.95,66958.1,Open,29
PO-00129,PROD-003,Product C,SUP-005,AmeriGoods SA,Latin America,2024-03,2024-04-01,2220,0,36.31,80608.2,Open,16
PO-00130,PROD-003,Product C,SUP-005,AmeriGoods SA,Latin America,2025-10,2025-11-23,5522,0,28.55,157653.1,Partial,11
PO-00131,PROD-003,Product C,SUP-005,AmeriGoods SA,Latin America,2025-10,2025-10-30,9874,0,39.62,391207.88,Cancelled,22
PO-00132,PROD-003,Product C,SUP-005,AmeriGoods SA,Latin America,2023-07,2023-07-11,3297,0,17.72,58422.84,Partial,16
PO-00133,PROD-003,Product C,SUP-005,AmeriGoods SA,Latin America,2024-11,2024-12-29,9211,0,27.07,249341.77,Partial,35
PO-00134,PROD-003,Product C,SUP-005,AmeriGoods SA,Latin America,2023-09,2023-09-24,655,0,32.47,21267.85,In Transit,13
PO-00135,PROD-003,Product C,SUP-005,AmeriGoods SA,Latin America,2023-10,2023-11-01,9798,0,34.42,337247.16,Open,45
PO-00136,PROD-003,Product C,SUP-005,AmeriGoods SA,Latin America,2024-12,2025-01-22,4581,0,32.13,147187.53,Partial,34
PO-00137,PROD-003,Product C,SUP-006,Nordic Industrial,Europe,2023-12,2024-01-05,6299,0,36.94,232685.06,Cancelled,23
PO-00138,PROD-003,Product C,SUP-006,Nordic Industrial,Europe,2024-06,2024-07-05,9029,0,42.67,385267.43,In Transit,24
PO-00139,PROD-003,Product C,SUP-006,Nordic Industrial,Europe,2023-06,2023-06-27,7160,0,35.82,256471.2,Open,45
PO-00140,PROD-003,Product C,SUP-006,Nordic Industrial,Europe,2023-06,2023-06-12,4432,0,42.79,189645.28,In Transit,41
PO-00141,PROD-003,Product C,SUP-006,Nordic Industrial,Europe,2023-04,2023-04-13,5183,0,27.17,140822.11,Partial,5
PO-00142,PROD-003,Product C,SUP-006,Nordic Industrial,Europe,2025-04,2025-05-21,8834,0,42.3,373678.2,In Transit,35
PO-00143,PROD-003,Product C,SUP-006,Nordic Industrial,Europe,2025-08,2025-09-09,9222,0,32.92,303588.24,Partial,5
PO-00144,PROD-003,Product C,SUP-006,Nordic Industrial,Europe,2024-01,2024-03-01,619,0,33.57,20779.83,Cancelled,27
PO-00145,PROD-004,Product D,SUP-001,Apex Manufacturing,North America,2024-04,2024-05-25,9152,0,32.36,296158.72,Open,43
PO-00146,PROD-004,Product D,SUP-001,Apex Manufacturing,North America,2025-05,2025-05-18,9077,0,41.15,373518.55,In Transit,9
PO-00147,PROD-004,Product D,SUP-001,Apex Manufacturing,North America,2024-12,2025-01-30,2684,0,25.55,68576.2,Open,32
PO-00148,PROD-004,Product D,SUP-001,Apex Manufacturing,North America,2025-08,2025-09-01,3293,0,19.93,65629.49,Open,26
PO-00149,PROD-004,Product D,SUP-001,Apex Manufacturing,North America,2024-04,2024-05-31,9332,0,39.03,364227.96,Open,23
PO-00150,PROD-004,Product D,SUP-001,Apex Manufacturing,North America,2024-08,2024-09-07,5309,0,15.59,82767.31,Open,45
PO-00151,PROD-004,Product D,SUP-001,Apex Manufacturing,North America,2025-02,2025-02-21,5494,0,42.16,231627.04,Cancelled,7
PO-00152,PROD-004,Product D,SUP-001,Apex Manufacturing,North America,2025-06,2025-07-17,8499,0,7.3,62042.7,Open,44
PO-00153,PROD-004,Product D,SUP-002,Euro Components GmbH,Europe,2025-06,2025-06-29,5388,0,19.16,103234.08,Open,27
PO-00154,PROD-004,Product D,SUP-002,Euro Components GmbH,Europe,2023-12,2024-01-02,6308,0,5.35,33747.8,Partial,36
PO-00155,PROD-004,Product D,SUP-002,Euro Components GmbH,Europe,2024-01,2024-01-13,9168,0,25.57,234425.76,In Transit,31
PO-00156,PROD-004,Product D,SUP-002,Euro Components GmbH,Europe,2023-08,2023-09-08,613,0,11.23,6883.99,Received,19
PO-00157,PROD-004,Product D,SUP-002,Euro Components GmbH,Europe,2025-07,2025-08-02,6632,0,16.97,112545.04,Partial,16
PO-00158,PROD-004,Product D,SUP-002,Euro Components GmbH,Europe,2025-11,2025-12-29,4915,0,9.35,45955.25,Partial,33
PO-00159,PROD-004,Product D,SUP-002,Euro Components GmbH,Europe,2023-11,2023-11-16,6295,0,34.88,219569.6,Open,27
PO-00160,PROD-004,Product D,SUP-002,Euro Components GmbH,Europe,2024-01,2024-01-15,3605,0,16.4,59122.0,In Transit,30
PO-00161,PROD-004,Product D,SUP-003,Pacific Parts Co.,Asia Pacific,2025-03,2025-04-24,5926,0,41.04,243203.04,In Transit,17
PO-00162,PROD-004,Product D,SUP-003,Pacific Parts Co.,Asia Pacific,2025-07,2025-08-19,4854,0,9.75,47326.5,Partial,40
PO-00163,PROD-004,Product D,SUP-003,Pacific Parts Co.,Asia Pacific,2025-08,2025-09-28,2587,0,18.0,46566.0,Partial,37
PO-00164,PROD-004,Product D,SUP-003,Pacific Parts Co.,Asia Pacific,2025-01,2025-01-16,2297,0,43.31,99483.07,Open,13
PO-00165,PROD-004,Product D,SUP-003,Pacific Parts Co.,Asia Pacific,2023-10,2023-10-30,8692,0,5.55,48240.6,In Transit,8
PO-00166,PROD-004,Product D,SUP-003,Pacific Parts Co.,Asia Pacific,2024-10,2024-11-04,631,0,22.37,14115.47,Received,23
PO-00167,PROD-004,Product D,SUP-003,Pacific Parts Co.,Asia Pacific,2025-08,2025-08-13,7527,0,14.91,112227.57,In Transit,37
PO-00168,PROD-004,Product D,SUP-003,Pacific Parts Co.,Asia Pacific,2023-12,2023-12-23,5106,0,35.67,182131.02,Received,20
PO-00169,PROD-004,Product D,SUP-004,Sahara Supplies,Middle East & Africa,2025-04,2025-04-20,8264,0,33.26,274860.64,Open,37
PO-00170,PROD-004,Product D,SUP-004,Sahara Supplies,Middle East & Africa,2023-12,2023-12-20,2936,0,14.18,41632.48,In Transit,30
PO-00171,PROD-004,Product D,SUP-004,Sahara Supplies,Middle East & Africa,2023-03,2023-03-25,3648,0,42.16,153799.68,Partial,6
PO-00172,PROD-004,Product D,SUP-004,Sahara Supplies,Middle East & Africa,2024-01,2024-01-13,1334,0,20.21,26960.14,Cancelled,24
PO-00173,PROD-004,Product D,SUP-004,Sahara Supplies,Middle East & Africa,2024-03,2024-03-22,6007,0,22.04,132394.28,Open,37
PO-00174,PROD-004,Product D,SUP-004,Sahara Supplies,Middle East & Africa,2025-04,2025-05-19,1346,0,17.17,23110.82,Received,28
PO-00175,PROD-004,Product D,SUP-004,Sahara Supplies,Middle East & Africa,2024-06,2024-06-30,7349,0,14.88,109353.12,Open,16
PO-00176,PROD-004,Product D,SUP-004,Sahara Supplies,Middle East & Africa,2023-03,2023-03-08,1354,0,31.42,42542.68,Received,18
PO-00177,PROD-004,Product D,SUP-005,AmeriGoods SA,Latin America,2024-07,2024-08-07,5090,0,41.34,210420.6,Open,32
PO-00178,PROD-004,Product D,SUP-005,AmeriGoods SA,Latin America,2023-12,2023-12-24,8549,0,19.54,167047.46,Received,12
PO-00179,PROD-004,Product D,SUP-005,AmeriGoods SA,Latin America,2023-07,2023-08-19,723,0,32.32,23367.36,In Transit,26
PO-00180,PROD-004,Product D,SUP-005,AmeriGoods SA,Latin America,2024-12,2025-01-24,6420,0,34.72,222902.4,Cancelled,38
PO-00181,PROD-004,Product D,SUP-005,AmeriGoods SA,Latin America,2024-12,2024-12-23,5021,0,13.4,67281.4,Partial,10
PO-00182,PROD-004,Product D,SUP-005,AmeriGoods SA,Latin America,2023-07,2023-07-16,2471,0,6.64,16407.44,In Transit,17
PO-00183,PROD-004,Product D,SUP-005,AmeriGoods SA,Latin America,2025-05,2025-05-14,1726,0,42.67,73648.42,Cancelled,26
PO-00184,PROD-004,Product D,SUP-005,AmeriGoods SA,Latin America,2024-08,2024-09-23,8269,0,44.59,368714.71,In Transit,39
PO-00185,PROD-004,Product D,SUP-006,Nordic Industrial,Europe,2023-10,2023-10-10,2594,0,12.67,32865.98,Cancelled,21
PO-00186,PROD-004,Product D,SUP-006,Nordic Industrial,Europe,2025-12,2025-12-30,6496,0,22.94,149018.24,Open,32
PO-00187,PROD-004,Product D,SUP-006,Nordic Industrial,Europe,2023-05,2023-06-07,7364,0,25.95,191095.8,Cancelled,6
PO-00188,PROD-004,Product D,SUP-006,Nordic Industrial,Europe,2023-11,2023-12-16,4991,0,32.87,164054.17,In Transit,23
PO-00189,PROD-004,Product D,SUP-006,Nordic Industrial,Europe,2023-03,2023-04-13,1496,0,36.78,55022.88,In Transit,30
PO-00190,PROD-004,Product D,SUP-006,Nordic Industrial,Europe,2025-08,2025-09-20,9223,0,39.81,367167.63,Open,15
PO-00191,PROD-004,Product D,SUP-006,Nordic Industrial,Europe,2025-05,2025-06-25,8844,0,20.37,180152.28,Partial,30
PO-00192,PROD-004,Product D,SUP-006,Nordic Industrial,Europe,2024-06,2024-06-21,3515,0,5.14,18067.1,Cancelled,18
PO-00193,PROD-005,Product E,SUP-001,Apex Manufacturing,North America,2023-01,2023-02-27,8901,0,23.22,206681.22,Cancelled,21
PO-00194,PROD-005,Product E,SUP-001,Apex Manufacturing,North America,2024-08,2024-08-22,5355,0,33.33,178482.15,Cancelled,12
PO-00195,PROD-005,Product E,SUP-001,Apex Manufacturing,North America,2023-11,2023-11-22,1247,0,26.34,32845.98,Received,7
PO-00196,PROD-005,Product E,SUP-001,Apex Manufacturing,North America,2023-10,2023-10-25,2678,0,15.82,42365.96,Open,20
PO-00197,PROD-005,Product E,SUP-001,Apex Manufacturing,North America,2024-02,2024-03-13,2403,0,5.06,12159.18,Received,45
PO-00198,PROD-005,Product E,SUP-001,Apex Manufacturing,North America,2024-12,2024-12-28,1863,0,42.86,79848.18,Cancelled,21
PO-00199,PROD-005,Product E,SUP-001,Apex Manufacturing,North America,2023-09,2023-10-04,5331,0,17.99,95904.69,Open,45
PO-00200,PROD-005,Product E,SUP-001,Apex Manufacturing,North America,2023-01,2023-03-01,6324,0,13.77,87081.48,Received,16
PO-00201,PROD-005,Product E,SUP-002,Euro Components GmbH,Europe,2024-05,2024-05-09,9304,0,31.29,291122.16,Cancelled,11
PO-00202,PROD-005,Product E,SUP-002,Euro Components GmbH,Europe,2025-01,2025-02-18,4716,0,39.8,187696.8,Cancelled,40
PO-00203,PROD-005,Product E,SUP-002,Euro Components GmbH,Europe,2024-02,2024-03-31,7744,0,13.83,107099.52,Received,18
PO-00204,PROD-005,Product E,SUP-002,Euro Components GmbH,Europe,2025-02,2025-02-17,7808,0,14.27,111420.16,Partial,28
PO-00205,PROD-005,Product E,SUP-002,Euro Components GmbH,Europe,2023-10,2023-11-07,2035,0,24.84,50549.4,Partial,16
PO-00206,PROD-005,Product E,SUP-002,Euro Components GmbH,Europe,2023-12,2023-12-20,9833,0,24.62,242088.46,In Transit,23
PO-00207,PROD-005,Product E,SUP-002,Euro Components GmbH,Europe,2023-02,2023-02-27,3169,0,40.41,128059.29,Partial,43
PO-00208,PROD-005,Product E,SUP-002,Euro Components GmbH,Europe,2024-01,2024-01-12,2851,0,7.88,22465.88,In Transit,34
PO-00209,PROD-005,Product E,SUP-003,Pacific Parts Co.,Asia Pacific,2025-02,2025-02-14,9130,0,10.49,95773.7,Open,43
PO-00210,PROD-005,Product E,SUP-003,Pacific Parts Co.,Asia Pacific,2023-07,2023-08-01,6791,0,5.83,39591.53,Open,7
PO-00211,PROD-005,Product E,SUP-003,Pacific Parts Co.,Asia Pacific,2023-09,2023-09-23,1869,0,15.71,29361.99,Cancelled,5
PO-00212,PROD-005,Product E,SUP-003,Pacific Parts Co.,Asia Pacific,2023-01,2023-02-27,2242,0,26.69,59838.98,Received,10
PO-00213,PROD-005,Product E,SUP-003,Pacific Parts Co.,Asia Pacific,2024-01,2024-01-16,8371,0,35.39,296249.69,Partial,15
PO-00214,PROD-005,Product E,SUP-003,Pacific Parts Co.,Asia Pacific,2024-08,2024-08-29,8346,0,11.18,93308.28,Open,39
PO-00215,PROD-005,Product E,SUP-003,Pacific Parts Co.,Asia Pacific,2024-06,2024-07-18,9406,0,9.92,93307.52,Open,11
PO-00216,PROD-005,Product E,SUP-003,Pacific Parts Co.,Asia Pacific,2025-11,2025-11-26,2180,0,25.46,55502.8,Partial,14
PO-00217,PROD-005,Product E,SUP-004,Sahara Supplies,Middle East & Africa,2023-01,2023-01-22,893,0,14.07,12564.51,Partial,14
PO-00218,PROD-005,Product E,SUP-004,Sahara Supplies,Middle East & Africa,2024-11,2024-12-19,5199,0,14.04,72993.96,Partial,12
PO-00219,PROD-005,Product E,SUP-004,Sahara Supplies,Middle East & Africa,2025-08,2025-08-18,2304,0,13.98,32209.92,Received,27
PO-00220,PROD-005,Product E,SUP-004,Sahara Supplies,Middle East & Africa,2023-05,2023-06-16,5967,0,9.73,58058.91,Open,7
PO-00221,PROD-005,Product E,SUP-004,Sahara Supplies,Middle East & Africa,2023-10,2023-10-19,7522,0,26.22,197226.84,Cancelled,16
PO-00222,PROD-005,Product E,SUP-004,Sahara Supplies,Middle East & Africa,2025-04,2025-04-17,5440,0,29.99,163145.6,Received,27
PO-00223,PROD-005,Product E,SUP-004,Sahara Supplies,Middle East & Africa,2023-07,2023-07-25,8679,0,31.47,273128.13,Received,9
PO-00224,PROD-005,Product E,SUP-004,Sahara Supplies,Middle East & Africa,2023-01,2023-01-17,2901,0,17.81,51666.81,Partial,33
PO-00225,PROD-005,Product E,SUP-005,AmeriGoods SA,Latin America,2025-07,2025-08-29,1602,0,9.53,15267.06,Partial,22
PO-00226,PROD-005,Product E,SUP-005,AmeriGoods SA,Latin America,2023-10,2023-10-13,5792,0,44.79,259423.68,In Transit,29
PO-00227,PROD-005,Product E,SUP-005,AmeriGoods SA,Latin America,2024-11,2024-11-28,8597,0,21.95,188704.15,Partial,43
PO-00228,PROD-005,Product E,SUP-005,AmeriGoods SA,Latin America,2024-10,2024-10-16,4528,0,20.33,92054.24,Cancelled,36
PO-00229,PROD-005,Product E,SUP-005,AmeriGoods SA,Latin America,2025-11,2025-12-12,8570,0,26.3,225391.0,In Transit,29
PO-00230,PROD-005,Product E,SUP-005,AmeriGoods SA,Latin America,2023-06,2023-07-15,7411,0,26.08,193278.88,In Transit,10
PO-00231,PROD-005,Product E,SUP-005,AmeriGoods SA,Latin America,2024-04,2024-05-01,546,0,13.13,7168.98,Open,28
PO-00232,PROD-005,Product E,SUP-005,AmeriGoods SA,Latin America,2025-12,2026-01-07,2688,0,41.84,112465.92,Open,27
PO-00233,PROD-005,Product E,SUP-006,Nordic Industrial,Europe,2024-12,2025-01-26,2783,0,16.79,46726.57,In Transit,40
PO-00234,PROD-005,Product E,SUP-006,Nordic Industrial,Europe,2025-03,2025-03-23,3952,0,38.11,150610.72,Open,13
PO-00235,PROD-005,Product E,SUP-006,Nordic Industrial,Europe,2023-08,2023-09-21,2844,0,20.1,57164.4,Open,32
PO-00236,PROD-005,Product E,SUP-006,Nordic Industrial,Europe,2024-12,2024-12-11,2236,0,31.51,70456.36,Open,35
PO-00237,PROD-005,Product E,SUP-006,Nordic Industrial,Europe,2023-11,2023-11-09,2906,0,19.61,56986.66,Open,20
PO-00238,PROD-005,Product E,SUP-006,Nordic Industrial,Europe,2023-05,2023-05-08,9825,0,38.24,375708.0,Partial,14
PO-00239,PROD-005,Product E,SUP-006,Nordic Industrial,Europe,2023-12,2024-01-07,2795,0,34.92,97601.4,Received,35
PO-00240,PROD-005,Product E,SUP-006,Nordic Industrial,Europe,2025-03,2025-04-23,6026,0,22.76,137151.76,Open,23
PO-00241,PROD-006,Product F,SUP-001,Apex Manufacturing,North America,2023-08,2023-08-17,1483,0,40.25,59690.75,Open,43
PO-00242,PROD-006,Product F,SUP-001,Apex Manufacturing,North America,2023-12,2024-01-09,3127,0,5.43,16979.61,Partial,34
PO-00243,PROD-006,Product F,SUP-001,Apex Manufacturing,North America,2025-12,2026-01-22,4727,0,41.77,197446.79,Cancelled,24
PO-00244,PROD-006,Product F,SUP-001,Apex Manufacturing,North America,2024-03,2024-04-04,3069,0,15.87,48705.03,Open,38
PO-00245,PROD-006,Product F,SUP-001,Apex Manufacturing,North America,2025-01,2025-01-16,3971,0,21.02,83470.42,Open,19
PO-00246,PROD-006,Product F,SUP-001,Apex Manufacturing,North America,2025-02,2025-02-19,9663,0,29.2,282159.6,Open,34
PO-00247,PROD-006,Product F,SUP-001,Apex Manufacturing,North America,2025-07,2025-07-28,7137,0,38.09,271848.33,In Transit,8
PO-00248,PROD-006,Product F,SUP-001,Apex Manufacturing,North America,2024-12,2025-01-18,7450,0,12.79,95285.5,Open,11
PO-00249,PROD-006,Product F,SUP-002,Euro Components GmbH,Europe,2023-05,2023-05-31,5996,0,6.12,36695.52,Received,15
PO-00250,PROD-006,Product F,SUP-002,Euro Components GmbH,Europe,2025-11,2025-11-14,1570,0,13.48,21163.6,Open,24
PO-00251,PROD-006,Product F,SUP-002,Euro Components GmbH,Europe,2024-01,2024-02-12,3805,0,30.54,116204.7,Open,20
PO-00252,PROD-006,Product F,SUP-002,Euro Components GmbH,Europe,2024-06,2024-06-13,9840,0,27.59,271485.6,Cancelled,35
PO-00253,PROD-006,Product F,SUP-002,Euro Components GmbH,Europe,2023-03,2023-03-11,5654,0,8.73,49359.42,Received,5
PO-00254,PROD-006,Product F,SUP-002,Euro Components GmbH,Europe,2024-11,2024-12-26,5126,0,43.35,222212.1,Cancelled,17
PO-00255,PROD-006,Product F,SUP-002,Euro Components GmbH,Europe,2024-09,2024-10-26,6900,0,34.03,234807.0,In Transit,11
PO-00256,PROD-006,Product F,SUP-002,Euro Components GmbH,Europe,2024-10,2024-11-03,8750,0,9.04,79100.0,In Transit,6
PO-00257,PROD-006,Product F,SUP-003,Pacific Parts Co.,Asia Pacific,2025-01,2025-02-07,1112,0,16.6,18459.2,In Transit,34
PO-00258,PROD-006,Product F,SUP-003,Pacific Parts Co.,Asia Pacific,2023-06,2023-07-18,2028,0,43.11,87427.08,In Transit,18
PO-00259,PROD-006,Product F,SUP-003,Pacific Parts Co.,Asia Pacific,2023-10,2023-11-26,3138,0,44.74,140394.12,Cancelled,38
PO-00260,PROD-006,Product F,SUP-003,Pacific Parts Co.,Asia Pacific,2025-10,2025-11-26,6093,0,22.9,139529.7,In Transit,26
PO-00261,PROD-006,Product F,SUP-003,Pacific Parts Co.,Asia Pacific,2024-07,2024-07-31,7559,0,6.6,49889.4,Partial,20
PO-00262,PROD-006,Product F,SUP-003,Pacific Parts Co.,Asia Pacific,2024-02,2024-03-18,1728,0,43.32,74856.96,Cancelled,45
PO-00263,PROD-006,Product F,SUP-003,Pacific Parts Co.,Asia Pacific,2025-08,2025-08-14,744,0,10.7,7960.8,Received,40
PO-00264,PROD-006,Product F,SUP-003,Pacific Parts Co.,Asia Pacific,2023-06,2023-07-09,2041,0,23.19,47330.79,In Transit,23
PO-00265,PROD-006,Product F,SUP-004,Sahara Supplies,Middle East & Africa,2023-11,2023-11-12,5089,0,28.06,142797.34,Received,10
PO-00266,PROD-006,Product F,SUP-004,Sahara Supplies,Middle East & Africa,2023-05,2023-05-19,8048,0,15.32,123295.36,Partial,21
PO-00267,PROD-006,Product F,SUP-004,Sahara Supplies,Middle East & Africa,2025-05,2025-06-18,2801,0,42.59,119294.59,Cancelled,36
PO-00268,PROD-006,Product F,SUP-004,Sahara Supplies,Middle East & Africa,2023-03,2023-03-31,5196,0,21.04,109323.84,Cancelled,13
PO-00269,PROD-006,Product F,SUP-004,Sahara Supplies,Middle East & Africa,2025-05,2025-05-31,8896,0,38.79,345075.84,Received,28
PO-00270,PROD-006,Product F,SUP-004,Sahara Supplies,Middle East & Africa,2023-06,2023-07-21,7269,0,25.24,183469.56,Received,7
PO-00271,PROD-006,Product F,SUP-004,Sahara Supplies,Middle East & Africa,2023-04,2023-05-25,4511,0,32.99,148817.89,Cancelled,5
PO-00272,PROD-006,Product F,SUP-004,Sahara Supplies,Middle East & Africa,2023-10,2023-10-14,5262,0,20.03,105397.86,Cancelled,30
PO-00273,PROD-006,Product F,SUP-005,AmeriGoods SA,Latin America,2023-05,2023-05-22,6860,0,39.97,274194.2,Open,27
PO-00274,PROD-006,Product F,SUP-005,AmeriGoods SA,Latin America,2025-06,2025-07-07,9267,0,41.01,380039.67,Partial,11
PO-00275,PROD-006,Product F,SUP-005,AmeriGoods SA,Latin America,2023-06,2023-06-19,2275,0,41.7,94867.5,Partial,32
PO-00276,PROD-006,Product F,SUP-005,AmeriGoods SA,Latin America,2024-01,2024-02-02,5885,0,7.58,44608.3,Received,43
PO-00277,PROD-006,Product F,SUP-005,AmeriGoods SA,Latin America,2025-08,2025-08-21,8302,0,9.57,79450.14,Partial,7
PO-00278,PROD-006,Product F,SUP-005,AmeriGoods SA,Latin America,2025-11,2025-11-17,8199,0,10.82,88713.18,In Transit,25
PO-00279,PROD-006,Product F,SUP-005,AmeriGoods SA,Latin America,2023-03,2023-04-15,6730,0,7.5,50475.0,Received,32
PO-00280,PROD-006,Product F,SUP-005,AmeriGoods SA,Latin America,2025-07,2025-07-21,1386,0,13.46,18655.56,Open,32
PO-00281,PROD-006,Product F,SUP-006,Nordic Industrial,Europe,2024-06,2024-06-24,3385,0,8.34,28230.9,Open,22
PO-00282,PROD-006,Product F,SUP-006,Nordic Industrial,Europe,2025-02,2025-02-13,5387,0,39.95,215210.65,Partial,31
PO-00283,PROD-006,Product F,SUP-006,Nordic Industrial,Europe,2025-10,2025-10-21,4750,0,12.36,58710.0,Open,10
PO-00284,PROD-006,Product F,SUP-006,Nordic Industrial,Europe,2025-04,2025-04-29,5364,0,11.58,62115.12,Received,31
PO-00285,PROD-006,Product F,SUP-006,Nordic Industrial,Europe,2025-07,2025-08-07,9273,0,32.55,301836.15,In Transit,32
PO-00286,PROD-006,Product F,SUP-006,Nordic Industrial,Europe,2024-11,2024-12-22,9844,0,20.57,202491.08,Open,40
PO-00287,PROD-006,Product F,SUP-006,Nordic Industrial,Europe,2024-01,2024-01-12,9977,0,29.66,295917.82,Received,25
PO-00288,PROD-006,Product F,SUP-006,Nordic Industrial,Europe,2023-01,2023-01-17,8014,0,42.35,339392.9,Partial,25
PO-00289,PROD-007,Product G,SUP-001,Apex Manufacturing,North America,2023-08,2023-09-27,7158,0,15.51,111020.58,Open,33
PO-00290,PROD-007,Product G,SUP-001,Apex Manufacturing,North America,2023-09,2023-10-18,7861,0,30.56,240232.16,Cancelled,11
PO-00291,PROD-007,Product G,SUP-001,Apex Manufacturing,North America,2023-03,2023-03-21,3574,0,21.81,77948.94,Cancelled,15
PO-00292,PROD-007,Product G,SUP-001,Apex Manufacturing,North America,2025-01,2025-01-21,6203,0,13.39,83058.17,In Transit,41
PO-00293,PROD-007,Product G,SUP-001,Apex Manufacturing,North America,2023-01,2023-01-31,6460,0,5.65,36499.0,Received,37
PO-00294,PROD-007,Product G,SUP-001,Apex Manufacturing,North America,2023-08,2023-09-21,8677,0,30.96,268639.92,Partial,31
PO-00295,PROD-007,Product G,SUP-001,Apex Manufacturing,North America,2025-03,2025-03-30,6270,0,38.13,239075.1,Partial,38
PO-00296,PROD-007,Product G,SUP-001,Apex Manufacturing,North America,2024-10,2024-10-15,3380,0,23.35,78923.0,Received,16
PO-00297,PROD-007,Product G,SUP-002,Euro Components GmbH,Europe,2025-12,2026-01-15,3164,0,26.71,84510.44,Partial,23
PO-00298,PROD-007,Product G,SUP-002,Euro Components GmbH,Europe,2025-04,2025-05-18,5140,0,33.08,170031.2,Open,10
PO-00299,PROD-007,Product G,SUP-002,Euro Components GmbH,Europe,2023-07,2023-07-13,769,0,29.65,22800.85,Partial,11
PO-00300,PROD-007,Product G,SUP-002,Euro Components GmbH,Europe,2025-08,2025-09-24,9424,0,8.99,84721.76,Partial,37
PO-00301,PROD-007,Product G,SUP-002,Euro Components GmbH,Europe,2023-03,2023-04-19,5249,0,39.07,205078.43,In Transit,19
PO-00302,PROD-007,Product G,SUP-002,Euro Components GmbH,Europe,2025-06,2025-07-13,6743,0,9.58,64597.94,Partial,12
PO-00303,PROD-007,Product G,SUP-002,Euro Components GmbH,Europe,2024-11,2024-12-28,8101,0,21.52,174333.52,Partial,5
PO-00304,PROD-007,Product G,SUP-002,Euro Components GmbH,Europe,2024-12,2025-01-27,4168,0,25.3,105450.4,Received,21
PO-00305,PROD-007,Product G,SUP-003,Pacific Parts Co.,Asia Pacific,2024-08,2024-09-30,7294,0,31.93,232897.42,Open,31
PO-00306,PROD-007,Product G,SUP-003,Pacific Parts Co.,Asia Pacific,2023-03,2023-03-08,930,0,11.14,10360.2,Received,38
PO-00307,PROD-007,Product G,SUP-003,Pacific Parts Co.,Asia Pacific,2024-09,2024-09-29,3292,0,43.37,142774.04,Partial,20
PO-00308,PROD-007,Product G,SUP-003,Pacific Parts Co.,Asia Pacific,2025-12,2026-01-02,3656,0,29.65,108400.4,Partial,8
PO-00309,PROD-007,Product G,SUP-003,Pacific Parts Co.,Asia Pacific,2025-04,2025-04-16,6896,0,44.09,304044.64,In Transit,30
PO-00310,PROD-007,Product G,SUP-003,Pacific Parts Co.,Asia Pacific,2024-09,2024-10-11,3095,0,22.5,69637.5,Open,13
PO-00311,PROD-007,Product G,SUP-003,Pacific Parts Co.,Asia Pacific,2025-09,2025-09-15,9952,0,36.37,361954.24,Received,40
PO-00312,PROD-007,Product G,SUP-003,Pacific Parts Co.,Asia Pacific,2023-11,2023-11-28,3838,0,8.73,33505.74,Open,32
PO-00313,PROD-007,Product G,SUP-004,Sahara Supplies,Middle East & Africa,2023-01,2023-02-17,3007,0,6.11,18372.77,Cancelled,10
PO-00314,PROD-007,Product G,SUP-004,Sahara Supplies,Middle East & Africa,2025-01,2025-01-09,2638,0,44.34,116968.92,Received,16
PO-00315,PROD-007,Product G,SUP-004,Sahara Supplies,Middle East & Africa,2024-04,2024-05-19,4133,0,16.88,69765.04,Cancelled,20
PO-00316,PROD-007,Product G,SUP-004,Sahara Supplies,Middle East & Africa,2025-01,2025-02-26,4767,0,31.37,149540.79,Received,10
PO-00317,PROD-007,Product G,SUP-004,Sahara Supplies,Middle East & Africa,2023-10,2023-11-17,879,0,30.54,26844.66,Cancelled,11
PO-00318,PROD-007,Product G,SUP-004,Sahara Supplies,Middle East & Africa,2023-08,2023-09-06,2510,0,9.28,23292.8,Received,21
PO-00319,PROD-007,Product G,SUP-004,Sahara Supplies,Middle East & Africa,2023-12,2023-12-13,1767,0,24.77,43768.59,Received,18
PO-00320,PROD-007,Product G,SUP-004,Sahara Supplies,Middle East & Africa,2025-02,2025-02-14,8545,0,36.82,314626.9,Partial,9
PO-00321,PROD-007,Product G,SUP-005,AmeriGoods SA,Latin America,2025-08,2025-09-17,1750,0,13.41,23467.5,Partial,29
PO-00322,PROD-007,Product G,SUP-005,AmeriGoods SA,Latin America,2024-09,2024-10-18,7887,0,37.34,294500.58,In Transit,24
PO-00323,PROD-007,Product G,SUP-005,AmeriGoods SA,Latin America,2023-01,2023-01-19,9794,0,30.25,296268.5,Open,12
PO-00324,PROD-007,Product G,SUP-005,AmeriGoods SA,Latin America,2024-10,2024-10-30,8428,0,44.8,377574.4,Cancelled,39
PO-00325,PROD-007,Product G,SUP-005,AmeriGoods SA,Latin America,2023-01,2023-01-18,9048,0,34.67,313694.16,Open,17
PO-00326,PROD-007,Product G,SUP-005,AmeriGoods SA,Latin America,2023-02,2023-03-14,877,0,25.72,22556.44,In Transit,18
PO-00327,PROD-007,Product G,SUP-005,AmeriGoods SA,Latin America,2024-12,2024-12-15,4054,0,6.18,25053.72,In Transit,19
PO-00328,PROD-007,Product G,SUP-005,AmeriGoods SA,Latin America,2023-06,2023-07-24,2573,0,15.7,40396.1,Partial,17
PO-00329,PROD-007,Product G,SUP-006,Nordic Industrial,Europe,2023-06,2023-06-30,9535,0,31.08,296347.8,Partial,36
PO-00330,PROD-007,Product G,SUP-006,Nordic Industrial,Europe,2025-04,2025-05-10,7052,0,41.89,295408.28,Received,16
PO-00331,PROD-007,Product G,SUP-006,Nordic Industrial,Europe,2024-01,2024-02-20,5105,0,43.47,221914.35,Open,42
PO-00332,PROD-007,Product G,SUP-006,Nordic Industrial,Europe,2024-08,2024-08-18,3872,0,43.15,167076.8,Partial,32
PO-00333,PROD-007,Product G,SUP-006,Nordic Industrial,Europe,2025-05,2025-06-04,4951,0,37.64,186355.64,Cancelled,11
PO-00334,PROD-007,Product G,SUP-006,Nordic Industrial,Europe,2025-01,2025-02-04,3772,0,27.69,104446.68,Received,45
PO-00335,PROD-007,Product G,SUP-006,Nordic Industrial,Europe,2023-05,2023-06-05,3240,0,40.58,131479.2,Cancelled,21
PO-00336,PROD-007,Product G,SUP-006,Nordic Industrial,Europe,2025-03,2025-03-26,9191,0,19.09,175456.19,Open,12
PO-00337,PROD-008,Product H,SUP-001,Apex Manufacturing,North America,2023-12,2024-01-28,5786,0,22.18,128333.48,In Transit,27
PO-00338,PROD-008,Product H,SUP-001,Apex Manufacturing,North America,2024-04,2024-04-12,4025,0,31.28,125902.0,Received,14
PO-00339,PROD-008,Product H,SUP-001,Apex Manufacturing,North America,2024-09,2024-09-15,657,0,17.74,11655.18,Open,26
PO-00340,PROD-008,Product H,SUP-001,Apex Manufacturing,North America,2024-02,2024-03-08,9797,0,36.81,360627.57,In Transit,40
PO-00341,PROD-008,Product H,SUP-001,Apex Manufacturing,North America,2023-05,2023-06-01,5146,0,29.07,149594.22,Cancelled,18
PO-00342,PROD-008,Product H,SUP-001,Apex Manufacturing,North America,2023-07,2023-08-12,5055,0,33.65,170100.75,Open,41
PO-00343,PROD-008,Product H,SUP-001,Apex Manufacturing,North America,2025-03,2025-04-20,7630,0,17.71,135127.3,Received,17
PO-00344,PROD-008,Product H,SUP-001,Apex Manufacturing,North America,2024-01,2024-01-11,8592,0,24.95,214370.4,Received,31
PO-00345,PROD-008,Product H,SUP-002,Euro Components GmbH,Europe,2023-08,2023-08-15,7918,0,11.85,93828.3,Received,42
PO-00346,PROD-008,Product H,SUP-002,Euro Components GmbH,Europe,2025-01,2025-01-23,9943,0,5.85,58166.55,Open,41
PO-00347,PROD-008,Product H,SUP-002,Euro Components GmbH,Europe,2023-01,2023-02-06,5159,0,10.24,52828.16,Partial,7
PO-00348,PROD-008,Product H,SUP-002,Euro Components GmbH,Europe,2025-11,2025-12-11,1140,0,18.5,21090.0,Open,9
PO-00349,PROD-008,Product H,SUP-002,Euro Components GmbH,Europe,2025-07,2025-07-14,7300,0,33.93,247689.0,Received,25
PO-00350,PROD-008,Product H,SUP-002,Euro Components GmbH,Europe,2024-11,2024-12-03,1806,0,27.26,49231.56,Received,36
PO-00351,PROD-008,Product H,SUP-002,Euro Components GmbH,Europe,2023-04,2023-05-03,5389,0,32.86,177082.54,Partial,36
PO-00352,PROD-008,Product H,SUP-002,Euro Components GmbH,Europe,2023-08,2023-09-30,6626,0,42.51,281671.26,Open,6
PO-00353,PROD-008,Product H,SUP-003,Pacific Parts Co.,Asia Pacific,2024-03,2024-03-11,670,0,10.55,7068.5,Received,32
PO-00354,PROD-008,Product H,SUP-003,Pacific Parts Co.,Asia Pacific,2024-03,2024-03-18,1942,0,12.65,24566.3,Received,39
PO-00355,PROD-008,Product H,SUP-003,Pacific Parts Co.,Asia Pacific,2023-01,2023-02-21,1360,0,15.39,20930.4,Open,12
PO-00356,PROD-008,Product H,SUP-003,Pacific Parts Co.,Asia Pacific,2023-04,2023-04-27,1729,0,15.55,26885.95,Cancelled,29
PO-00357,PROD-008,Product H,SUP-003,Pacific Parts Co.,Asia Pacific,2024-06,2024-07-22,3290,0,41.99,138147.1,Cancelled,34
PO-00358,PROD-008,Product H,SUP-003,Pacific Parts Co.,Asia Pacific,2023-08,2023-08-16,5731,0,39.48,226259.88,Cancelled,31
PO-00359,PROD-008,Product H,SUP-003,Pacific Parts Co.,Asia Pacific,2025-05,2025-06-19,2504,0,25.87,64778.48,In Transit,41
PO-00360,PROD-008,Product H,SUP-003,Pacific Parts Co.,Asia Pacific,2025-07,2025-08-19,8529,0,44.05,375702.45,Received,35
PO-00361,PROD-008,Product H,SUP-004,Sahara Supplies,Middle East & Africa,2024-03,2024-03-13,4822,0,35.65,171904.3,Open,27
PO-00362,PROD-008,Product H,SUP-004,Sahara Supplies,Middle East & Africa,2025-12,2026-01-30,4471,0,31.38,140299.98,In Transit,9
PO-00363,PROD-008,Product H,SUP-004,Sahara Supplies,Middle East & Africa,2023-05,2023-06-08,1487,0,13.5,20074.5,In Transit,34
PO-00364,PROD-008,Product H,SUP-004,Sahara Supplies,Middle East & Africa,2025-01,2025-01-20,8489,0,9.18,77929.02,In Transit,42
PO-00365,PROD-008,Product H,SUP-004,Sahara Supplies,Middle East & Africa,2025-10,2025-11-09,5634,0,35.42,199556.28,Received,34
PO-00366,PROD-008,Product H,SUP-004,Sahara Supplies,Middle East & Africa,2023-10,2023-11-09,2231,0,41.57,92742.67,In Transit,28
PO-00367,PROD-008,Product H,SUP-004,Sahara Supplies,Middle East & Africa,2025-01,2025-02-05,8912,0,13.12,116925.44,Partial,17
PO-00368,PROD-008,Product H,SUP-004,Sahara Supplies,Middle East & Africa,2023-05,2023-05-25,7431,0,11.57,85976.67,Received,41
PO-00369,PROD-008,Product H,SUP-005,AmeriGoods SA,Latin America,2023-07,2023-07-17,8052,0,40.05,322482.6,Open,20
PO-00370,PROD-008,Product H,SUP-005,AmeriGoods SA,Latin America,2023-02,2023-03-09,3564,0,15.67,55847.88,Partial,38
PO-00371,PROD-008,Product H,SUP-005,AmeriGoods SA,Latin America,2025-05,2025-05-30,4851,0,9.73,47200.23,Cancelled,10
PO-00372,PROD-008,Product H,SUP-005,AmeriGoods SA,Latin America,2024-11,2024-12-05,3974,0,11.02,43793.48,Cancelled,32
PO-00373,PROD-008,Product H,SUP-005,AmeriGoods SA,Latin America,2025-09,2025-09-29,1370,0,22.65,31030.5,Received,11
PO-00374,PROD-008,Product H,SUP-005,AmeriGoods SA,Latin America,2023-04,2023-05-19,6767,0,34.28,231972.76,Partial,17
PO-00375,PROD-008,Product H,SUP-005,AmeriGoods SA,Latin America,2024-07,2024-07-20,7097,0,12.07,85660.79,Received,38
PO-00376,PROD-008,Product H,SUP-005,AmeriGoods SA,Latin America,2025-08,2025-09-10,7603,0,9.37,71240.11,Open,20
PO-00377,PROD-008,Product H,SUP-006,Nordic Industrial,Europe,2023-08,2023-08-22,2387,0,7.13,17019.31,Open,41
PO-00378,PROD-008,Product H,SUP-006,Nordic Industrial,Europe,2024-06,2024-06-23,1578,0,26.29,41485.62,Received,19
PO-00379,PROD-008,Product H,SUP-006,Nordic Industrial,Europe,2025-02,2025-03-05,6937,0,9.05,62779.85,Received,36
PO-00380,PROD-008,Product H,SUP-006,Nordic Industrial,Europe,2024-02,2024-02-18,3835,0,18.91,72519.85,Received,43
PO-00381,PROD-008,Product H,SUP-006,Nordic Industrial,Europe,2024-07,2024-08-23,550,0,8.77,4823.5,Cancelled,44
PO-00382,PROD-008,Product H,SUP-006,Nordic Industrial,Europe,2025-07,2025-08-24,5502,0,39.1,215128.2,In Transit,15
PO-00383,PROD-008,Product H,SUP-006,Nordic Industrial,Europe,2024-09,2024-10-21,1637,0,11.67,19103.79,Received,34
PO-00384,PROD-008,Product H,SUP-006,Nordic Industrial,Europe,2023-10,2023-10-08,8275,0,22.12,183043.0,Open,16
PO-00385,PROD-009,Product I,SUP-001,Apex Manufacturing,North America,2024-05,2024-05-12,3297,0,32.17,106064.49,Open,43
PO-00386,PROD-009,Product I,SUP-001,Apex Manufacturing,North America,2024-11,2024-12-08,516,0,24.53,12657.48,In Transit,35
PO-00387,PROD-009,Product I,SUP-001,Apex Manufacturing,North America,2023-08,2023-08-10,784,0,27.69,21708.96,Received,19
PO-00388,PROD-009,Product I,SUP-001,Apex Manufacturing,North America,2025-10,2025-11-09,3241,0,35.2,114083.2,Open,11
PO-00389,PROD-009,Product I,SUP-001,Apex Manufacturing,North America,2024-08,2024-09-28,5999,0,23.1,138576.9,Received,39
PO-00390,PROD-009,Product I,SUP-001,Apex Manufacturing,North America,2024-05,2024-06-19,8470,0,15.14,128235.8,Partial,5
PO-00391,PROD-009,Product I,SUP-001,Apex Manufacturing,North America,2024-11,2024-11-27,5967,0,40.65,242558.55,Cancelled,35
PO-00392,PROD-009,Product I,SUP-001,Apex Manufacturing,North America,2023-08,2023-08-25,9008,0,34.13,307443.04,Open,14
PO-00393,PROD-009,Product I,SUP-002,Euro Components GmbH,Europe,2025-03,2025-03-22,2820,0,19.29,54397.8,Open,20
PO-00394,PROD-009,Product I,SUP-002,Euro Components GmbH,Europe,2025-04,2025-05-01,3880,0,34.77,134907.6,In Transit,29
PO-00395,PROD-009,Product I,SUP-002,Euro Components GmbH,Europe,2023-07,2023-07-25,9427,0,40.97,386224.19,Partial,38
PO-00396,PROD-009,Product I,SUP-002,Euro Components GmbH,Europe,2023-12,2023-12-24,6215,0,40.52,251831.8,Partial,42
PO-00397,PROD-009,Product I,SUP-002,Euro Components GmbH,Europe,2025-03,2025-03-25,5567,0,12.62,70255.54,Cancelled,38
PO-00398,PROD-009,Product I,SUP-002,Euro Components GmbH,Europe,2024-10,2024-11-30,2514,0,22.34,56162.76,Partial,41
PO-00399,PROD-009,Product I,SUP-002,Euro Components GmbH,Europe,2024-11,2024-11-26,2305,0,43.78,100912.9,Partial,14
PO-00400,PROD-009,Product I,SUP-002,Euro Components GmbH,Europe,2025-06,2025-07-21,2961,0,25.93,76778.73,Received,44
PO-00401,PROD-009,Product I,SUP-003,Pacific Parts Co.,Asia Pacific,2025-12,2026-01-19,3164,0,17.15,54262.6,Received,9
PO-00402,PROD-009,Product I,SUP-003,Pacific Parts Co.,Asia Pacific,2024-07,2024-07-08,7936,0,6.64,52695.04,Received,42
PO-00403,PROD-009,Product I,SUP-003,Pacific Parts Co.,Asia Pacific,2023-08,2023-08-11,8501,0,17.23,146472.23,Partial,27
PO-00404,PROD-009,Product I,SUP-003,Pacific Parts Co.,Asia Pacific,2023-01,2023-01-11,4619,0,10.51,48545.69,Received,37
PO-00405,PROD-009,Product I,SUP-003,Pacific Parts Co.,Asia Pacific,2025-12,2025-12-17,1909,0,33.53,64008.77,In Transit,17
PO-00406,PROD-009,Product I,SUP-003,Pacific Parts Co.,Asia Pacific,2025-04,2025-05-15,1822,0,16.63,30299.86,Open,35
PO-00407,PROD-009,Product I,SUP-003,Pacific Parts Co.,Asia Pacific,2024-11,2024-11-23,6828,0,21.9,149533.2,Open,21
PO-00408,PROD-009,Product I,SUP-003,Pacific Parts Co.,Asia Pacific,2024-08,2024-09-15,5591,0,11.93,66700.63,Partial,25
PO-00409,PROD-009,Product I,SUP-004,Sahara Supplies,Middle East & Africa,2023-09,2023-10-21,3768,0,15.0,56520.0,Partial,40
PO-00410,PROD-009,Product I,SUP-004,Sahara Supplies,Middle East & Africa,2024-01,2024-01-27,5497,0,8.42,46284.74,Cancelled,45
PO-00411,PROD-009,Product I,SUP-004,Sahara Supplies,Middle East & Africa,2025-06,2025-07-12,3504,0,20.04,70220.16,Partial,11
PO-00412,PROD-009,Product I,SUP-004,Sahara Supplies,Middle East & Africa,2023-09,2023-10-11,7740,0,32.77,253639.8,Cancelled,27
PO-00413,PROD-009,Product I,SUP-004,Sahara Supplies,Middle East & Africa,2025-06,2025-06-30,7506,0,23.66,177591.96,Partial,34
PO-00414,PROD-009,Product I,SUP-004,Sahara Supplies,Middle East & Africa,2023-02,2023-03-15,932,0,43.3,40355.6,Partial,10
PO-00415,PROD-009,Product I,SUP-004,Sahara Supplies,Middle East & Africa,2023-09,2023-10-17,5454,0,36.47,198907.38,Cancelled,37
PO-00416,PROD-009,Product I,SUP-004,Sahara Supplies,Middle East & Africa,2024-12,2024-12-16,9400,0,41.0,385400.0,Received,8
PO-00417,PROD-009,Product I,SUP-005,AmeriGoods SA,Latin America,2025-02,2025-02-16,7101,0,31.8,225811.8,Partial,38
PO-00418,PROD-009,Product I,SUP-005,AmeriGoods SA,Latin America,2025-06,2025-07-31,1390,0,8.39,11662.1,Received,11
PO-00419,PROD-009,Product I,SUP-005,AmeriGoods SA,Latin America,2024-10,2024-11-15,2095,0,37.88,79358.6,Cancelled,35
PO-00420,PROD-009,Product I,SUP-005,AmeriGoods SA,Latin America,2024-10,2024-10-11,2489,0,34.62,86169.18,Cancelled,8
PO-00421,PROD-009,Product I,SUP-005,AmeriGoods SA,Latin America,2024-02,2024-03-12,2861,0,27.48,78620.28,Partial,13
PO-00422,PROD-009,Product I,SUP-005,AmeriGoods SA,Latin America,2024-03,2024-04-20,3035,0,17.04,51716.4,Received,5
PO-00423,PROD-009,Product I,SUP-005,AmeriGoods SA,Latin America,2025-08,2025-09-16,3788,0,9.59,36326.92,Open,14
PO-00424,PROD-009,Product I,SUP-005,AmeriGoods SA,Latin America,2023-08,2023-09-10,2087,0,14.89,31075.43,Open,35
PO-00425,PROD-009,Product I,SUP-006,Nordic Industrial,Europe,2023-02,2023-04-02,8787,0,22.75,199904.25,Open,12
PO-00426,PROD-009,Product I,SUP-006,Nordic Industrial,Europe,2024-08,2024-09-02,8425,0,44.31,373311.75,In Transit,39
PO-00427,PROD-009,Product I,SUP-006,Nordic Industrial,Europe,2024-05,2024-06-29,7694,0,39.37,302912.78,Cancelled,12
PO-00428,PROD-009,Product I,SUP-006,Nordic Industrial,Europe,2025-04,2025-04-17,854,0,12.39,10581.06,In Transit,15
PO-00429,PROD-009,Product I,SUP-006,Nordic Industrial,Europe,2025-09,2025-10-25,9456,0,13.01,123022.56,Partial,23
PO-00430,PROD-009,Product I,SUP-006,Nordic Industrial,Europe,2024-07,2024-08-19,2138,0,43.36,92703.68,Partial,28
PO-00431,PROD-009,Product I,SUP-006,Nordic Industrial,Europe,2024-06,2024-07-03,6821,0,32.91,224479.11,Open,34
PO-00432,PROD-009,Product I,SUP-006,Nordic Industrial,Europe,2025-03,2025-04-29,7460,0,10.93,81537.8,Received,34
PO-00433,PROD-010,Product J,SUP-001,Apex Manufacturing,North America,2023-08,2023-09-13,6880,0,5.44,37427.2,Received,7
PO-00434,PROD-010,Product J,SUP-001,Apex Manufacturing,North America,2025-05,2025-05-10,6311,0,43.51,274591.61,Partial,34
PO-00435,PROD-010,Product J,SUP-001,Apex Manufacturing,North America,2024-06,2024-06-08,3093,0,19.31,59725.83,Cancelled,18
PO-00436,PROD-010,Product J,SUP-001,Apex Manufacturing,North America,2024-11,2024-12-23,9102,0,20.62,187683.24,Open,16
PO-00437,PROD-010,Product J,SUP-001,Apex Manufacturing,North America,2023-10,2023-10-30,9726,0,18.57,180611.82,In Transit,22
PO-00438,PROD-010,Product J,SUP-001,Apex Manufacturing,North America,2024-08,2024-09-02,1617,0,41.65,67348.05,Partial,29
PO-00439,PROD-010,Product J,SUP-001,Apex Manufacturing,North America,2025-07,2025-08-15,3455,0,28.04,96878.2,Cancelled,38
PO-00440,PROD-010,Product J,SUP-001,Apex Manufacturing,North America,2024-05,2024-05-16,5809,0,28.55,165846.95,Cancelled,27
PO-00441,PROD-010,Product J,SUP-002,Euro Components GmbH,Europe,2025-02,2025-02-12,1236,0,6.18,7638.48,In Transit,19
PO-00442,PROD-010,Product J,SUP-002,Euro Components GmbH,Europe,2023-07,2023-08-19,2240,0,24.98,55955.2,Partial,25
PO-00443,PROD-010,Product J,SUP-002,Euro Components GmbH,Europe,2024-03,2024-04-26,4376,0,9.22,40346.72,In Transit,29
PO-00444,PROD-010,Product J,SUP-002,Euro Components GmbH,Europe,2025-03,2025-03-12,1514,0,29.48,44632.72,Open,7
PO-00445,PROD-010,Product J,SUP-002,Euro Components GmbH,Europe,2023-05,2023-06-05,6632,0,29.26,194052.32,Open,16
PO-00446,PROD-010,Product J,SUP-002,Euro Components GmbH,Europe,2024-09,2024-09-14,7864,0,20.11,158145.04,Cancelled,40
PO-00447,PROD-010,Product J,SUP-002,Euro Components GmbH,Europe,2024-01,2024-01-20,4636,0,24.64,114231.04,Received,19
PO-00448,PROD-010,Product J,SUP-002,Euro Components GmbH,Europe,2024-01,2024-02-24,3155,0,22.36,70545.8,Cancelled,17
PO-00449,PROD-010,Product J,SUP-003,Pacific Parts Co.,Asia Pacific,2023-06,2023-07-15,897,0,30.16,27053.52,Open,18
PO-00450,PROD-010,Product J,SUP-003,Pacific Parts Co.,Asia Pacific,2023-03,2023-04-28,2802,0,40.73,114125.46,Received,31
PO-00451,PROD-010,Product J,SUP-003,Pacific Parts Co.,Asia Pacific,2025-11,2025-11-12,6082,0,12.41,75477.62,Cancelled,36
PO-00452,PROD-010,Product J,SUP-003,Pacific Parts Co.,Asia Pacific,2024-01,2024-03-01,3899,0,27.81,108431.19,Partial,37
PO-00453,PROD-010,Product J,SUP-003,Pacific Parts Co.,Asia Pacific,2024-11,2024-11-30,9653,0,39.14,377818.42,Open,33
PO-00454,PROD-010,Product J,SUP-003,Pacific Parts Co.,Asia Pacific,2025-04,2025-05-18,6662,0,39.96,266213.52,Cancelled,10
PO-00455,PROD-010,Product J,SUP-003,Pacific Parts Co.,Asia Pacific,2023-09,2023-10-28,8974,0,16.93,151929.82,Open,36
PO-00456,PROD-010,Product J,SUP-003,Pacific Parts Co.,Asia Pacific,2024-03,2024-03-11,9356,0,18.24,170653.44,In Transit,23
PO-00457,PROD-010,Product J,SUP-004,Sahara Supplies,Middle East & Africa,2024-05,2024-06-01,6363,0,7.72,49122.36,In Transit,23
PO-00458,PROD-010,Product J,SUP-004,Sahara Supplies,Middle East & Africa,2023-05,2023-06-11,9926,0,14.66,145515.16,Cancelled,44
PO-00459,PROD-010,Product J,SUP-004,Sahara Supplies,Middle East & Africa,2025-09,2025-09-27,7040,0,29.75,209440.0,Cancelled,12
PO-00460,PROD-010,Product J,SUP-004,Sahara Supplies,Middle East & Africa,2025-07,2025-07-24,991,0,6.29,6233.39,Partial,21
PO-00461,PROD-010,Product J,SUP-004,Sahara Supplies,Middle East & Africa,2024-01,2024-01-29,1473,0,10.57,15569.61,Cancelled,26
PO-00462,PROD-010,Product J,SUP-004,Sahara Supplies,Middle East & Africa,2023-04,2023-04-23,8586,0,7.92,68001.12,Cancelled,44
PO-00463,PROD-010,Product J,SUP-004,Sahara Supplies,Middle East & Africa,2023-03,2023-03-30,1659,0,43.0,71337.0,Cancelled,44
PO-00464,PROD-010,Product J,SUP-004,Sahara Supplies,Middle East & Africa,2023-06,2023-07-13,8344,0,42.86,357623.84,Received,7
PO-00465,PROD-010,Product J,SUP-005,AmeriGoods SA,Latin America,2023-07,2023-07-10,8636,0,25.3,218490.8,Received,32
PO-00466,PROD-010,Product J,SUP-005,AmeriGoods SA,Latin America,2025-07,2025-07-27,4231,0,5.86,24793.66,Open,6
PO-00467,PROD-010,Product J,SUP-005,AmeriGoods SA,Latin America,2024-01,2024-02-11,6715,0,32.28,216760.2,Open,40
PO-00468,PROD-010,Product J,SUP-005,AmeriGoods SA,Latin America,2025-07,2025-07-11,6842,0,35.63,243780.46,In Transit,32
PO-00469,PROD-010,Product J,SUP-005,AmeriGoods SA,Latin America,2025-04,2025-05-13,2757,0,9.62,26522.34,Open,44
PO-00470,PROD-010,Product J,SUP-005,AmeriGoods SA,Latin America,2024-12,2024-12-30,3672,0,18.73,68776.56,Open,20
PO-00471,PROD-010,Product J,SUP-005,AmeriGoods SA,Latin America,2024-03,2024-03-13,664,0,14.09,9355.76,Cancelled,41
PO-00472,PROD-010,Product J,SUP-005,AmeriGoods SA,Latin America,2023-03,2023-04-28,744,0,39.93,29707.92,In Transit,8
PO-00473,PROD-010,Product J,SUP-006,Nordic Industrial,Europe,2023-05,2023-05-11,2576,0,22.54,58063.04,Received,7
PO-00474,PROD-010,Product J,SUP-006,Nordic Industrial,Europe,2024-09,2024-09-30,4501,0,44.92,202184.92,In Transit,43
PO-00475,PROD-010,Product J,SUP-006,Nordic Industrial,Europe,2025-02,2025-03-10,2505,0,31.26,78306.3,Open,21
PO-00476,PROD-010,Product J,SUP-006,Nordic Industrial,Europe,2025-11,2025-11-21,8608,0,33.21,285871.68,Received,19
PO-00477,PROD-010,Product J,SUP-006,Nordic Industrial,Europe,2025-05,2025-06-22,5459,0,42.66,232880.94,Cancelled,23
PO-00478,PROD-010,Product J,SUP-006,Nordic Industrial,Europe,2024-04,2024-05-11,4883,0,17.75,86673.25,Cancelled,37
PO-00479,PROD-010,Product J,SUP-006,Nordic Industrial,Europe,2023-07,2023-07-11,6179,0,41.02,253462.58,Cancelled,36
PO-00480,PROD-010,Product J,SUP-006,Nordic Industrial,Europe,2024-06,2024-06-13,3835,0,41.48,159075.8,Cancelled,19
